build,scenario,status
1,Test 1,fail
1,Test 2,fail
1,Test 3,fail
1,Test 4,pass
1,Test 5,fail
1,Test 6,fail
1,Test 7,fail
1,Test 8,pass
1,Test 9,pass
1,Test 10,pass
2,Test 1,fail
2,Test 2,fail
2,Test 3,fail
2,Test 4,pass
2,Test 5,pass
2,Test 6,pass
2,Test 7,fail
2,Test 8,pass
2,Test 9,pass
2,Test 10,pass
3,Test 1,fail
3,Test 2,fail
3,Test 3,fail
3,Test 4,pass
3,Test 5,fail
3,Test 6,pass
3,Test 7,pass
3,Test 8,pass
3,Test 9,pass
3,Test 10,pass
4,Test 1,fail
4,Test 2,fail
4,Test 3,fail
4,Test 4,fail
4,Test 5,fail
4,Test 6,fail
4,Test 7,pass
4,Test 8,pass
4,Test 9,pass
4,Test 10,pass
5,Test 1,fail
5,Test 2,fail
5,Test 3,fail
5,Test 4,fail
5,Test 5,pass
5,Test 6,fail
5,Test 7,pass
5,Test 8,pass
5,Test 9,pass
5,Test 10,pass
6,Test 1,fail
6,Test 2,fail
6,Test 3,fail
6,Test 4,fail
6,Test 5,fail
6,Test 6,fail
6,Test 7,fail
6,Test 8,pass
6,Test 9,pass
6,Test 10,pass
7,Test 1,fail
7,Test 2,fail
7,Test 3,pass
7,Test 4,pass
7,Test 5,fail
7,Test 6,pass
7,Test 7,pass
7,Test 8,fail
7,Test 9,pass
7,Test 10,pass
8,Test 1,fail
8,Test 2,fail
8,Test 3,pass
8,Test 4,pass
8,Test 5,pass
8,Test 6,fail
8,Test 7,pass
8,Test 8,fail
8,Test 9,pass
8,Test 10,pass
9,Test 1,fail
9,Test 2,fail
9,Test 3,fail
9,Test 4,fail
9,Test 5,pass
9,Test 6,pass
9,Test 7,fail
9,Test 8,fail
9,Test 9,pass
9,Test 10,pass
10,Test 1,fail
10,Test 2,fail
10,Test 3,fail
10,Test 4,pass
10,Test 5,pass
10,Test 6,fail
10,Test 7,pass
10,Test 8,fail
10,Test 9,pass
10,Test 10,pass
11,Test 1,fail
11,Test 2,fail
11,Test 3,fail
11,Test 4,fail
11,Test 5,fail
11,Test 6,fail
11,Test 7,fail
11,Test 8,fail
11,Test 9,pass
11,Test 10,pass
12,Test 1,fail
12,Test 2,fail
12,Test 3,fail
12,Test 4,pass
12,Test 5,fail
12,Test 6,pass
12,Test 7,fail
12,Test 8,pass
12,Test 9,pass
12,Test 10,pass
13,Test 1,fail
13,Test 2,fail
13,Test 3,fail
13,Test 4,fail
13,Test 5,fail
13,Test 6,fail
13,Test 7,pass
13,Test 8,fail
13,Test 9,pass
13,Test 10,pass
14,Test 1,fail
14,Test 2,fail
14,Test 3,fail
14,Test 4,fail
14,Test 5,pass
14,Test 6,fail
14,Test 7,fail
14,Test 8,pass
14,Test 9,pass
14,Test 10,pass
15,Test 1,fail
15,Test 2,fail
15,Test 3,fail
15,Test 4,fail
15,Test 5,fail
15,Test 6,fail
15,Test 7,fail
15,Test 8,pass
15,Test 9,pass
15,Test 10,pass
16,Test 1,fail
16,Test 2,fail
16,Test 3,fail
16,Test 4,pass
16,Test 5,pass
16,Test 6,fail
16,Test 7,pass
16,Test 8,pass
16,Test 9,pass
16,Test 10,pass
17,Test 1,fail
17,Test 2,fail
17,Test 3,fail
17,Test 4,pass
17,Test 5,fail
17,Test 6,pass
17,Test 7,fail
17,Test 8,pass
17,Test 9,pass
17,Test 10,pass
18,Test 1,fail
18,Test 2,fail
18,Test 3,fail
18,Test 4,pass
18,Test 5,pass
18,Test 6,pass
18,Test 7,fail
18,Test 8,pass
18,Test 9,pass
18,Test 10,pass
19,Test 1,fail
19,Test 2,fail
19,Test 3,fail
19,Test 4,fail
19,Test 5,pass
19,Test 6,pass
19,Test 7,pass
19,Test 8,pass
19,Test 9,pass
19,Test 10,pass
20,Test 1,fail
20,Test 2,fail
20,Test 3,fail
20,Test 4,fail
20,Test 5,fail
20,Test 6,pass
20,Test 7,fail
20,Test 8,pass
20,Test 9,pass
20,Test 10,pass
21,Test 1,fail
21,Test 2,fail
21,Test 3,fail
21,Test 4,fail
21,Test 5,fail
21,Test 6,pass
21,Test 7,fail
21,Test 8,pass
21,Test 9,pass
21,Test 10,pass
22,Test 1,fail
22,Test 2,fail
22,Test 3,fail
22,Test 4,pass
22,Test 5,fail
22,Test 6,pass
22,Test 7,pass
22,Test 8,pass
22,Test 9,pass
22,Test 10,pass
23,Test 1,fail
23,Test 2,fail
23,Test 3,fail
23,Test 4,pass
23,Test 5,pass
23,Test 6,pass
23,Test 7,pass
23,Test 8,pass
23,Test 9,pass
23,Test 10,pass
24,Test 1,fail
24,Test 2,fail
24,Test 3,fail
24,Test 4,fail
24,Test 5,fail
24,Test 6,pass
24,Test 7,pass
24,Test 8,pass
24,Test 9,pass
24,Test 10,pass
25,Test 1,fail
25,Test 2,fail
25,Test 3,fail
25,Test 4,fail
25,Test 5,fail
25,Test 6,pass
25,Test 7,pass
25,Test 8,pass
25,Test 9,pass
25,Test 10,pass
